"Название Услуги","Ориентировочная Стоимость","Срок Исполнения","Размер Предоплаты"
"построение и обслуживание структурированных кабельных систем (СКС)","9463965","308","4731982"
"создание и поддержка интеллектуальных медиасистем","2005236","137","1002618"
"телефония","2047899","16","682633"
"создание виртуального офиса","4493572","194","1497857"
"организация резервного копирования","1901769","14","950884"
"администрирование сетей и серверов","5787279","88","1929093"
"техническая поддержка рабочих станций и ИТ сервисов","276983","351","92327"
"веб-разработка","8985186","70","4492593"
"создание мобильных систем","2750404","248","1375202"
"создание и обслуживание систем контроля доступа к портам и устройствам","9612655","98","3204218"
"организацию антивирусной защиты","3395274","334","1697637"
"решения касающиеся сетевой безопасности и отражения угроз","274245","92","137122"
"организация систем видеонаблюдения","6767023","126","3383511"
"построение и обслуживание структурированных кабельных систем (СКС)","1791763","214","597254"
"создание и поддержка интеллектуальных медиасистем","7196699","162","2398899"
"телефония","6399816","98","3199908"
"создание виртуального офиса","3325584","232","1662792"
"организация резервного копирования","6566528","352","2188842"
"администрирование сетей и серверов","6542140","91","3271070"
"техническая поддержка рабочих станций и ИТ сервисов","2575119","24","1287559"
"веб-разработка","5323783","156","1774594"
"создание мобильных систем","4070799","21","1356933"
"создание и обслуживание систем контроля доступа к портам и устройствам","8110049","264","4055024"
"организацию антивирусной защиты","5916832","309","2958416"
"решения касающиеся сетевой безопасности и отражения угроз","4408242","138","1469414"
"организация систем видеонаблюдения","6710788","245","3355394"
"построение и обслуживание структурированных кабельных систем (СКС)","5419364","304","1806454"
"создание и поддержка интеллектуальных медиасистем","7602849","143","3801424"
"телефония","7231560","177","3615780"
"создание виртуального офиса","7983264","116","3991632"
"организация резервного копирования","5928948","56","1976316"
"администрирование сетей и серверов","1442594","65","721297"
"техническая поддержка рабочих станций и ИТ сервисов","644540","67","214846"
"веб-разработка","5879834","56","1959944"
"создание мобильных систем","4647807","198","1549269"
"создание и обслуживание систем контроля доступа к портам и устройствам","8176796","96","2725598"
"организацию антивирусной защиты","3630453","291","1210151"
"решения касающиеся сетевой безопасности и отражения угроз","5317536","247","2658768"
"организация систем видеонаблюдения","8163808","163","4081904"
"построение и обслуживание структурированных кабельных систем (СКС)","1930042","364","643347"
"создание и поддержка интеллектуальных медиасистем","4688895","263","1562965"
"телефония","5279094","135","1759698"
"создание виртуального офиса","6451478","298","2150492"
"организация резервного копирования","1542636","111","514212"
"администрирование сетей и серверов","6583668","265","3291834"
"техническая поддержка рабочих станций и ИТ сервисов","3617790","263","1205930"
"веб-разработка","4026240","161","2013120"
"создание мобильных систем","8830587","23","4415293"
"создание и обслуживание систем контроля доступа к портам и устройствам","493543","65","164514"
"организацию антивирусной защиты","304915","152","152457"
"решения касающиеся сетевой безопасности и отражения угроз","6871511","48","2290503"
"организация систем видеонаблюдения","5001719","280","1667239"
"построение и обслуживание структурированных кабельных систем (СКС)","8444652","210","4222326"
"создание и поддержка интеллектуальных медиасистем","4709583","332","1569861"
"телефония","9577064","105","4788532"
"создание виртуального офиса","9405099","329","3135033"
"организация резервного копирования","1003111","270","334370"
"администрирование сетей и серверов","958189","106","319396"
"техническая поддержка рабочих станций и ИТ сервисов","3661196","172","1830598"
"веб-разработка","1789746","273","596582"
"создание мобильных систем","749551","187","249850"
"создание и обслуживание систем контроля доступа к портам и устройствам","2683049","179","1341524"
"организацию антивирусной защиты","7322214","216","2440738"
"решения касающиеся сетевой безопасности и отражения угроз","1822531","19","911265"
"организация систем видеонаблюдения","1104543","139","368181"
"построение и обслуживание структурированных кабельных систем (СКС)","4243779","110","2121889"
"создание и поддержка интеллектуальных медиасистем","9607353","232","4803676"
"телефония","6771912","67","3385956"
"создание виртуального офиса","2182969","225","1091484"
"организация резервного копирования","4590466","290","1530155"
"администрирование сетей и серверов","2618723","220","872907"
"техническая поддержка рабочих станций и ИТ сервисов","3159053","147","1579526"
"веб-разработка","8090295","39","4045147"
"создание мобильных систем","4509909","251","2254954"
"создание и обслуживание систем контроля доступа к портам и устройствам","2662490","318","1331245"
"организацию антивирусной защиты","6683507","114","2227835"
"решения касающиеся сетевой безопасности и отражения угроз","9709680","330","4854840"
"организация систем видеонаблюдения","8917652","169","4458826"
"построение и обслуживание структурированных кабельных систем (СКС)","1954978","164","977489"
"создание и поддержка интеллектуальных медиасистем","3234212","132","1617106"
"телефония","7932931","47","3966465"
"создание виртуального офиса","6504006","228","3252003"
"организация резервного копирования","3595656","19","1797828"
"администрирование сетей и серверов","280000","49","93333"
"техническая поддержка рабочих станций и ИТ сервисов","677442","319","225814"
"веб-разработка","2158428","47","1079214"
"создание мобильных систем","6875805","246","2291935"
"создание и обслуживание систем контроля доступа к портам и устройствам","4794326","275","1598108"
"организацию антивирусной защиты","8180350","149","4090175"
"решения касающиеся сетевой безопасности и отражения угроз","9566138","248","4783069"
"организация систем видеонаблюдения","6127250","308","2042416"
"построение и обслуживание структурированных кабельных систем (СКС)","592719","295","296359"
"создание и поддержка интеллектуальных медиасистем","3077963","204","1538981"
"телефония","8235766","245","4117883"
"создание виртуального офиса","6465773","357","3232886"
"организация резервного копирования","1497189","320","499063"
"администрирование сетей и серверов","6427089","234","3213544"
"техническая поддержка рабочих станций и ИТ сервисов","4360697","124","1453565"
"веб-разработка","3529254","154","1764627"
"создание мобильных систем","1338577","336","446192"
"создание и обслуживание систем контроля доступа к портам и устройствам","8954542","256","2984847"
"организацию антивирусной защиты","6386626","20","2128875"
"решения касающиеся сетевой безопасности и отражения угроз","1828000","190","609333"
"организация систем видеонаблюдения","3154273","354","1577136"
"построение и обслуживание структурированных кабельных систем (СКС)","9783851","26","4891925"
"создание и поддержка интеллектуальных медиасистем","8367530","20","4183765"
"телефония","3249127","292","1083042"
"создание виртуального офиса","8900697","131","4450348"
"организация резервного копирования","7288162","275","3644081"
"администрирование сетей и серверов","4667522","229","2333761"
"техническая поддержка рабочих станций и ИТ сервисов","2528111","28","1264055"
"веб-разработка","6666119","147","2222039"
"создание мобильных систем","6687128","189","3343564"
"создание и обслуживание систем контроля доступа к портам и устройствам","4053173","61","2026586"
"организацию антивирусной защиты","2105257","246","701752"
"решения касающиеся сетевой безопасности и отражения угроз","3751812","286","1875906"
"организация систем видеонаблюдения","9494425","266","3164808"
"построение и обслуживание структурированных кабельных систем (СКС)","1925943","326","641981"
"создание и поддержка интеллектуальных медиасистем","7928133","198","3964066"
"телефония","1923659","222","961829"
"создание виртуального офиса","9463760","189","4731880"
"организация резервного копирования","3599658","121","1799829"
"администрирование сетей и серверов","2704860","297","1352430"
"техническая поддержка рабочих станций и ИТ сервисов","2432272","132","810757"
"веб-разработка","6138348","335","3069174"
"создание мобильных систем","429212","183","214606"
"создание и обслуживание систем контроля доступа к портам и устройствам","4867210","324","1622403"
"организацию антивирусной защиты","1901477","304","950738"
"решения касающиеся сетевой безопасности и отражения угроз","2259872","211","753290"
"организация систем видеонаблюдения","1367449","40","683724"
"построение и обслуживание структурированных кабельных систем (СКС)","4478874","355","1492958"
"создание и поддержка интеллектуальных медиасистем","9883625","308","3294541"
"телефония","1417348","217","708674"
"создание виртуального офиса","1438603","228","719301"
"организация резервного копирования","8169914","152","2723304"
"администрирование сетей и серверов","7129102","164","3564551"
"техническая поддержка рабочих станций и ИТ сервисов","2172985","90","1086492"
"веб-разработка","8359663","329","2786554"
"создание мобильных систем","9936558","194","3312186"
"создание и обслуживание систем контроля доступа к портам и устройствам","5786405","79","2893202"
"организацию антивирусной защиты","558794","341","186264"
"решения касающиеся сетевой безопасности и отражения угроз","8393013","316","2797671"
"организация систем видеонаблюдения","8402304","242","4201152"
"построение и обслуживание структурированных кабельных систем (СКС)","5814120","114","2907060"
"создание и поддержка интеллектуальных медиасистем","9000430","46","4500215"
"телефония","4711572","152","1570524"
"создание виртуального офиса","4635445","326","2317722"
"организация резервного копирования","257892","320","85964"
"администрирование сетей и серверов","5828746","322","1942915"
"техническая поддержка рабочих станций и ИТ сервисов","7316807","24","3658403"
"веб-разработка","2397434","183","1198717"
"создание мобильных систем","4416193","172","2208096"
"создание и обслуживание систем контроля доступа к портам и устройствам","2567826","34","855942"
"организацию антивирусной защиты","750856","180","250285"
"решения касающиеся сетевой безопасности и отражения угроз","746653","34","248884"
"организация систем видеонаблюдения","655216","363","218405"
"построение и обслуживание структурированных кабельных систем (СКС)","2304304","163","768101"
"создание и поддержка интеллектуальных медиасистем","5939624","75","2969812"
"телефония","3414584","355","1138194"
"создание виртуального офиса","4580400","363","1526800"
"организация резервного копирования","190749","120","95374"
"администрирование сетей и серверов","7145384","336","2381794"
"техническая поддержка рабочих станций и ИТ сервисов","4656041","322","1552013"
"веб-разработка","222108","114","74036"
"создание мобильных систем","6876749","91","3438374"
"создание и обслуживание систем контроля доступа к портам и устройствам","1229175","100","409725"
"организацию антивирусной защиты","1299869","145","649934"
"решения касающиеся сетевой безопасности и отражения угроз","1257108","134","419036"
"организация систем видеонаблюдения","8158184","36","2719394"
"построение и обслуживание структурированных кабельных систем (СКС)","9959784","99","4979892"
"создание и поддержка интеллектуальных медиасистем","1803018","105","601006"
"телефония","1356839","269","678419"
"создание виртуального офиса","1762226","26","587408"
"организация резервного копирования","9115278","230","3038426"
"администрирование сетей и серверов","2038940","167","1019470"
"техническая поддержка рабочих станций и ИТ сервисов","8714586","154","4357293"
"веб-разработка","4637579","360","1545859"
"создание мобильных систем","3663095","322","1831547"
"создание и обслуживание систем контроля доступа к портам и устройствам","2609863","282","1304931"
"организацию антивирусной защиты","1882392","233","627464"
"решения касающиеся сетевой безопасности и отражения угроз","8867890","161","2955963"
"организация систем видеонаблюдения","4979427","24","2489713"
"построение и обслуживание структурированных кабельных систем (СКС)","2592699","200","864233"
"создание и поддержка интеллектуальных медиасистем","1213013","122","606506"
"телефония","5581925","121","1860641"
"создание виртуального офиса","9749792","341","3249930"
"организация резервного копирования","6493494","221","3246747"
"администрирование сетей и серверов","7719936","278","3859968"
"техническая поддержка рабочих станций и ИТ сервисов","1316740","248","658370"
"веб-разработка","9251940","224","3083980"
"создание мобильных систем","9835155","205","3278385"
"создание и обслуживание систем контроля доступа к портам и устройствам","7252005","247","2417335"
"организацию антивирусной защиты","5510132","217","2755066"
"решения касающиеся сетевой безопасности и отражения угроз","8451781","308","2817260"
"организация систем видеонаблюдения","353760","352","176880"
"построение и обслуживание структурированных кабельных систем (СКС)","5028317","43","1676105"
"создание и поддержка интеллектуальных медиасистем","4419135","291","2209567"
"телефония","8248472","134","2749490"
"создание виртуального офиса","8521037","245","4260518"
"организация резервного копирования","4931891","300","2465945"
"администрирование сетей и серверов","4880984","202","1626994"
"техническая поддержка рабочих станций и ИТ сервисов","1064132","117","532066"
"веб-разработка","8431904","197","2810634"
"создание мобильных систем","5084371","127","2542185"
"создание и обслуживание систем контроля доступа к портам и устройствам","2742940","122","914313"
"организацию антивирусной защиты","7147266","204","3573633"
"решения касающиеся сетевой безопасности и отражения угроз","735366","74","367683"
"организация систем видеонаблюдения","5618992","220","2809496"
"построение и обслуживание структурированных кабельных систем (СКС)","3769716","170","1256572"
"создание и поддержка интеллектуальных медиасистем","4448948","273","2224474"
"телефония","9651428","191","3217142"
"создание виртуального офиса","2852786","111","1426393"
"организация резервного копирования","1404343","149","468114"
"администрирование сетей и серверов","5183103","18","1727701"
"техническая поддержка рабочих станций и ИТ сервисов","6810283","18","3405141"
"веб-разработка","7605275","204","2535091"
"создание мобильных систем","6613837","193","3306918"
"создание и обслуживание систем контроля доступа к портам и устройствам","675974","228","225324"
"организацию антивирусной защиты","7341994","265","2447331"
"решения касающиеся сетевой безопасности и отражения угроз","1744309","189","872154"
"организация систем видеонаблюдения","4150030","29","2075015"
"построение и обслуживание структурированных кабельных систем (СКС)","6302852","84","2100950"
"создание и поддержка интеллектуальных медиасистем","5505949","42","1835316"
"телефония","7164634","73","2388211"
"создание виртуального офиса","4973992","304","1657997"
"организация резервного копирования","9356134","75","3118711"
"администрирование сетей и серверов","6313476","296","3156738"
"техническая поддержка рабочих станций и ИТ сервисов","7470495","155","3735247"
"веб-разработка","4085792","284","2042896"
"создание мобильных систем","8847362","278","2949120"
"создание и обслуживание систем контроля доступа к портам и устройствам","7457870","321","2485956"
"организацию антивирусной защиты","6427357","109","2142452"
"решения касающиеся сетевой безопасности и отражения угроз","6278447","254","3139223"
"организация систем видеонаблюдения","893784","173","297928"
"построение и обслуживание структурированных кабельных систем (СКС)","6639572","276","2213190"
"создание и поддержка интеллектуальных медиасистем","191325","190","63775"
"телефония","8025518","192","2675172"
"создание виртуального офиса","8629156","126","2876385"
"организация резервного копирования","2065634","318","688544"
"администрирование сетей и серверов","8603968","71","2867989"
"техническая поддержка рабочих станций и ИТ сервисов","3732685","17","1244228"
"веб-разработка","3623197","357","1811598"
"создание мобильных систем","9788944","19","4894472"
"создание и обслуживание систем контроля доступа к портам и устройствам","9106312","324","4553156"
"организацию антивирусной защиты","6851420","108","3425710"
"решения касающиеся сетевой безопасности и отражения угроз","9132942","170","4566471"
"организация систем видеонаблюдения","490511","58","163503"
"построение и обслуживание структурированных кабельных систем (СКС)","8965159","158","4482579"
"создание и поддержка интеллектуальных медиасистем","1949165","322","649721"
"телефония","6385070","314","2128356"
"создание виртуального офиса","6240542","228","3120271"
"организация резервного копирования","5925602","213","2962801"
"администрирование сетей и серверов","3281808","97","1640904"
"техническая поддержка рабочих станций и ИТ сервисов","1746749","115","873374"
"веб-разработка","8623484","330","4311742"
"создание мобильных систем","5142273","115","2571136"
"создание и обслуживание систем контроля доступа к портам и устройствам","8788286","192","4394143"
"организацию антивирусной защиты","7998301","188","2666100"
"решения касающиеся сетевой безопасности и отражения угроз","9853176","223","3284392"
"организация систем видеонаблюдения","440469","269","220234"
"построение и обслуживание структурированных кабельных систем (СКС)","7044978","364","2348326"
"создание и поддержка интеллектуальных медиасистем","2637418","364","1318709"
"телефония","9086053","364","3028684"
"создание виртуального офиса","917511","363","458755"
"организация резервного копирования","2898193","57","1449096"
"администрирование сетей и серверов","8239832","179","4119916"
"техническая поддержка рабочих станций и ИТ сервисов","6293417","309","2097805"
"веб-разработка","8412601","321","2804200"
"создание мобильных систем","3942282","145","1971141"
"создание и обслуживание систем контроля доступа к портам и устройствам","5426569","250","2713284"
"организацию антивирусной защиты","667540","313","333770"
"решения касающиеся сетевой безопасности и отражения угроз","9851803","37","3283934"
"организация систем видеонаблюдения","1993241","45","664413"
"построение и обслуживание структурированных кабельных систем (СКС)","4565479","121","1521826"
"создание и поддержка интеллектуальных медиасистем","1460686","348","486895"
"телефония","1778413","108","889206"
"создание виртуального офиса","8807525","85","2935841"
"организация резервного копирования","8513956","154","2837985"
"администрирование сетей и серверов","8726185","79","4363092"
"техническая поддержка рабочих станций и ИТ сервисов","3231596","358","1615798"
"веб-разработка","9543177","350","3181059"
"создание мобильных систем","876683","77","438341"
"создание и обслуживание систем контроля доступа к портам и устройствам","4495126","151","2247563"
"организацию антивирусной защиты","8920923","278","4460461"
"решения касающиеся сетевой безопасности и отражения угроз","5459152","271","2729576"
"организация систем видеонаблюдения","1828066","27","609355"
"построение и обслуживание структурированных кабельных систем (СКС)","2911475","268","970491"
"создание и поддержка интеллектуальных медиасистем","4434446","150","2217223"
"телефония","8927897","182","4463948"
"создание виртуального офиса","4330527","324","2165263"
"организация резервного копирования","7347842","104","2449280"
"администрирование сетей и серверов","2824982","83","1412491"
"техническая поддержка рабочих станций и ИТ сервисов","2836026","249","1418013"
"веб-разработка","444964","315","148321"
"создание мобильных систем","7775637","187","3887818"
"создание и обслуживание систем контроля доступа к портам и устройствам","5133092","267","2566546"
"организацию антивирусной защиты","918881","169","306293"
"решения касающиеся сетевой безопасности и отражения угроз","4534648","304","2267324"
"организация систем видеонаблюдения","2837445","208","945815"
"построение и обслуживание структурированных кабельных систем (СКС)","3636636","323","1212212"
"создание и поддержка интеллектуальных медиасистем","9635094","123","3211698"
"телефония","8903396","351","4451698"
"создание виртуального офиса","4837281","355","2418640"
"организация резервного копирования","9396056","117","3132018"
"администрирование сетей и серверов","4958076","261","2479038"
"техническая поддержка рабочих станций и ИТ сервисов","844070","94","281356"
"веб-разработка","9336100","300","3112033"
"создание мобильных систем","5299637","292","1766545"
"создание и обслуживание систем контроля доступа к портам и устройствам","3946358","361","1973179"
"организацию антивирусной защиты","4066933","293","2033466"
"решения касающиеся сетевой безопасности и отражения угроз","1822975","211","911487"
"организация систем видеонаблюдения","7293086","344","3646543"
"построение и обслуживание структурированных кабельных систем (СКС)","7638086","283","2546028"
"создание и поддержка интеллектуальных медиасистем","6415571","142","3207785"
"телефония","8639414","360","2879804"
"создание виртуального офиса","2964340","254","988113"
"организация резервного копирования","6436849","180","3218424"
"администрирование сетей и серверов","4815528","361","2407764"
"техническая поддержка рабочих станций и ИТ сервисов","1085063","120","361687"
"веб-разработка","8840470","266","4420235"
"создание мобильных систем","6502014","146","2167338"
"создание и обслуживание систем контроля доступа к портам и устройствам","400864","97","133621"
"организацию антивирусной защиты","3140420","68","1570210"
"решения касающиеся сетевой безопасности и отражения угроз","4456371","45","1485457"
"организация систем видеонаблюдения","2290173","135","763391"
"построение и обслуживание структурированных кабельных систем (СКС)","3255235","247","1627617"
"создание и поддержка интеллектуальных медиасистем","3640610","328","1213536"
"телефония","8382441","27","2794147"
"создание виртуального офиса","2548804","332","849601"
"организация резервного копирования","6378316","73","3189158"
"администрирование сетей и серверов","4124074","215","2062037"
"техническая поддержка рабочих станций и ИТ сервисов","4241368","324","2120684"
"веб-разработка","754869","275","251623"
"создание мобильных систем","8512969","338","4256484"
"создание и обслуживание систем контроля доступа к портам и устройствам","6133292","109","2044430"
"организацию антивирусной защиты","7469033","262","3734516"
"решения касающиеся сетевой безопасности и отражения угроз","1545467","243","772733"
"организация систем видеонаблюдения","9813294","354","3271098"
"построение и обслуживание структурированных кабельных систем (СКС)","8889876","159","2963292"
"создание и поддержка интеллектуальных медиасистем","3161045","95","1053681"
"телефония","2938419","296","979473"
"создание виртуального офиса","3343574","61","1114524"
"организация резервного копирования","3424565","287","1141521"
"администрирование сетей и серверов","8744019","339","2914673"
"техническая поддержка рабочих станций и ИТ сервисов","7578408","250","3789204"
"веб-разработка","9673272","308","3224424"
"создание мобильных систем","3245505","23","1081835"
"создание и обслуживание систем контроля доступа к портам и устройствам","8927905","314","4463952"
"организацию антивирусной защиты","9088086","272","4544043"
"решения касающиеся сетевой безопасности и отражения угроз","4256450","194","2128225"
"организация систем видеонаблюдения","7564314","354","2521438"
"построение и обслуживание структурированных кабельных систем (СКС)","9851789","319","4925894"
"создание и поддержка интеллектуальных медиасистем","9418448","94","3139482"
"телефония","5170772","105","2585386"
"создание виртуального офиса","8598115","116","2866038"
"организация резервного копирования","6869985","294","2289995"
"администрирование сетей и серверов","7588189","112","2529396"
"техническая поддержка рабочих станций и ИТ сервисов","7921179","306","3960589"
"веб-разработка","8658736","285","4329368"
"создание мобильных систем","9104202","47","3034734"
"создание и обслуживание систем контроля доступа к портам и устройствам","9911709","219","3303903"
"организацию антивирусной защиты","9476520","332","4738260"
"решения касающиеся сетевой безопасности и отражения угроз","7290237","192","3645118"
"организация систем видеонаблюдения","1143139","171","571569"
"построение и обслуживание структурированных кабельных систем (СКС)","5664170","220","2832085"
"создание и поддержка интеллектуальных медиасистем","4776429","339","2388214"
"телефония","7267578","209","2422526"
"создание виртуального офиса","4465315","60","1488438"
"организация резервного копирования","1795962","73","598654"
"администрирование сетей и серверов","3195891","332","1065297"
"техническая поддержка рабочих станций и ИТ сервисов","9239427","87","4619713"
"веб-разработка","5339007","282","2669503"
"создание мобильных систем","8747520","331","4373760"
"создание и обслуживание систем контроля доступа к портам и устройствам","446235","68","148745"
"организацию антивирусной защиты","6478989","30","3239494"
"решения касающиеся сетевой безопасности и отражения угроз","6156317","277","2052105"
"организация систем видеонаблюдения","7253650","345","3626825"
"построение и обслуживание структурированных кабельных систем (СКС)","1804943","245","902471"
"создание и поддержка интеллектуальных медиасистем","8831644","352","2943881"
"телефония","8770294","175","2923431"
"создание виртуального офиса","4203589","35","2101794"
"организация резервного копирования","613060","95","204353"
"администрирование сетей и серверов","1329778","51","443259"
"техническая поддержка рабочих станций и ИТ сервисов","3585031","114","1195010"
"веб-разработка","9994388","22","4997194"
"создание мобильных систем","6359663","136","2119887"
"создание и обслуживание систем контроля доступа к портам и устройствам","8601091","270","4300545"
"организацию антивирусной защиты","1008245","294","336081"
"решения касающиеся сетевой безопасности и отражения угроз","2380288","95","793429"
"организация систем видеонаблюдения","8660481","47","2886827"
"построение и обслуживание структурированных кабельных систем (СКС)","7217956","26","2405985"
"создание и поддержка интеллектуальных медиасистем","5951546","277","1983848"
"телефония","2563569","343","854523"
"создание виртуального офиса","1729824","69","576608"
"организация резервного копирования","4417697","231","2208848"
"администрирование сетей и серверов","1771408","203","590469"
"техническая поддержка рабочих станций и ИТ сервисов","2588475","103","862825"
"веб-разработка","5966851","178","1988950"
"создание мобильных систем","660941","247","220313"
"создание и обслуживание систем контроля доступа к портам и устройствам","105273","313","52636"
"организацию антивирусной защиты","8200412","226","2733470"
"решения касающиеся сетевой безопасности и отражения угроз","7516073","131","2505357"
"организация систем видеонаблюдения","2603924","52","1301962"
"построение и обслуживание структурированных кабельных систем (СКС)","9623113","312","3207704"
"создание и поддержка интеллектуальных медиасистем","3174945","261","1058315"
"телефония","9961399","26","3320466"
"создание виртуального офиса","9200557","188","4600278"
"организация резервного копирования","3808240","56","1904120"
"администрирование сетей и серверов","7806376","88","3903188"
"техническая поддержка рабочих станций и ИТ сервисов","7379308","332","3689654"
"веб-разработка","996139","94","332046"
"создание мобильных систем","7714888","143","2571629"
"создание и обслуживание систем контроля доступа к портам и устройствам","7828577","155","2609525"
"организацию антивирусной защиты","6631459","269","3315729"
"решения касающиеся сетевой безопасности и отражения угроз","6943667","362","3471833"
"организация систем видеонаблюдения","5816791","248","2908395"
"построение и обслуживание структурированных кабельных систем (СКС)","9617037","165","3205679"
"создание и поддержка интеллектуальных медиасистем","9489029","56","3163009"
"телефония","5640007","235","1880002"
"создание виртуального офиса","7662241","360","3831120"
"организация резервного копирования","1924585","353","641528"
"администрирование сетей и серверов","1435464","340","717732"
"техническая поддержка рабочих станций и ИТ сервисов","9229281","197","4614640"
"веб-разработка","106350","65","35450"
"создание мобильных систем","1978340","359","659446"
"создание и обслуживание систем контроля доступа к портам и устройствам","4701703","229","1567234"
"организацию антивирусной защиты","5904956","191","2952478"
"решения касающиеся сетевой безопасности и отражения угроз","592883","24","197627"
"организация систем видеонаблюдения","6621451","61","3310725"
"построение и обслуживание структурированных кабельных систем (СКС)","5078687","30","2539343"
"создание и поддержка интеллектуальных медиасистем","4365579","166","1455193"
"телефония","9402048","150","3134016"
"создание виртуального офиса","9097861","271","4548930"
"организация резервного копирования","6599300","29","3299650"
"администрирование сетей и серверов","1910381","132","636793"
"техническая поддержка рабочих станций и ИТ сервисов","2334277","42","778092"
"веб-разработка","694970","107","347485"
"создание мобильных систем","6126814","198","3063407"
"создание и обслуживание систем контроля доступа к портам и устройствам","4820120","302","1606706"
"организацию антивирусной защиты","2459330","131","1229665"
"решения касающиеся сетевой безопасности и отражения угроз","5782064","74","1927354"
"организация систем видеонаблюдения","7911107","175","2637035"
"построение и обслуживание структурированных кабельных систем (СКС)","7013650","121","3506825"
"создание и поддержка интеллектуальных медиасистем","1262633","287","631316"
"телефония","5257357","181","1752452"
"создание виртуального офиса","9959890","161","4979945"
"организация резервного копирования","9962143","35","4981071"
"администрирование сетей и серверов","6076434","291","2025478"
"техническая поддержка рабочих станций и ИТ сервисов","3550688","224","1183562"
"веб-разработка","5986217","335","1995405"
"создание мобильных систем","3382453","269","1691226"
"создание и обслуживание систем контроля доступа к портам и устройствам","7096475","167","3548237"
"организацию антивирусной защиты","2855131","76","1427565"
"решения касающиеся сетевой безопасности и отражения угроз","4737572","328","1579190"
"организация систем видеонаблюдения","1635435","121","545145"
"построение и обслуживание структурированных кабельных систем (СКС)","9995962","323","3331987"
"создание и поддержка интеллектуальных медиасистем","2397369","325","799123"
"телефония","1139859","282","379953"
"создание виртуального офиса","4443504","110","2221752"
"организация резервного копирования","3608641","151","1804320"
"администрирование сетей и серверов","7995261","124","3997630"
"техническая поддержка рабочих станций и ИТ сервисов","2968374","161","1484187"
"веб-разработка","4969815","160","1656605"
"создание мобильных систем","3422860","199","1140953"
"создание и обслуживание систем контроля доступа к портам и устройствам","4607131","113","2303565"
"организацию антивирусной защиты","4022744","88","2011372"
"решения касающиеся сетевой безопасности и отражения угроз","235760","175","78586"
"организация систем видеонаблюдения","1445961","85","481987"
"построение и обслуживание структурированных кабельных систем (СКС)","5007215","290","2503607"
"создание и поддержка интеллектуальных медиасистем","8661541","221","2887180"
"телефония","702002","21","234000"
"создание виртуального офиса","8984389","117","4492194"
"организация резервного копирования","2413515","269","804505"
"администрирование сетей и серверов","6932200","25","3466100"
"техническая поддержка рабочих станций и ИТ сервисов","5890389","362","1963463"
"веб-разработка","185295","287","61765"
"создание мобильных систем","536134","49","178711"
"создание и обслуживание систем контроля доступа к портам и устройствам","7564188","97","3782094"
"организацию антивирусной защиты","3938731","276","1969365"
"решения касающиеся сетевой безопасности и отражения угроз","3710033","348","1236677"
"организация систем видеонаблюдения","6038737","58","3019368"
"построение и обслуживание структурированных кабельных систем (СКС)","7528079","352","3764039"
"создание и поддержка интеллектуальных медиасистем","3160182","21","1580091"
"телефония","2052156","31","1026078"
"создание виртуального офиса","7320138","291","2440046"
"организация резервного копирования","3202343","349","1601171"
"администрирование сетей и серверов","7219793","280","2406597"
"техническая поддержка рабочих станций и ИТ сервисов","5182388","139","2591194"
"веб-разработка","3041686","324","1520843"
"создание мобильных систем","4469186","83","2234593"
"создание и обслуживание систем контроля доступа к портам и устройствам","7467948","335","2489316"
"организацию антивирусной защиты","2021239","105","673746"
"решения касающиеся сетевой безопасности и отражения угроз","1984028","300","661342"
"организация систем видеонаблюдения","9819254","141","3273084"
"построение и обслуживание структурированных кабельных систем (СКС)","8006608","205","4003304"
"создание и поддержка интеллектуальных медиасистем","1862847","285","931423"
"телефония","7352600","279","2450866"
"создание виртуального офиса","1148962","31","382987"
"организация резервного копирования","3048424","250","1016141"
"администрирование сетей и серверов","8894821","333","2964940"
"техническая поддержка рабочих станций и ИТ сервисов","6978719","210","2326239"
"веб-разработка","2781984","41","1390992"
"создание мобильных систем","1637261","16","818630"
"создание и обслуживание систем контроля доступа к портам и устройствам","4777887","219","2388943"
"организацию антивирусной защиты","277743","43","138871"
"решения касающиеся сетевой безопасности и отражения угроз","2616279","324","872093"
"организация систем видеонаблюдения","9853485","240","4926742"
"построение и обслуживание структурированных кабельных систем (СКС)","8351402","322","2783800"
"создание и поддержка интеллектуальных медиасистем","1355026","329","451675"
"телефония","1755213","263","877606"
"создание виртуального офиса","1725464","309","862732"
"организация резервного копирования","5045315","19","1681771"
"администрирование сетей и серверов","7959152","342","3979576"
"техническая поддержка рабочих станций и ИТ сервисов","8285466","133","4142733"
"веб-разработка","9547206","73","4773603"
"создание мобильных систем","5058222","352","1686074"
"создание и обслуживание систем контроля доступа к портам и устройствам","8270317","109","4135158"
"организацию антивирусной защиты","7806359","233","2602119"
"решения касающиеся сетевой безопасности и отражения угроз","7560264","264","2520088"
"организация систем видеонаблюдения","9448506","315","4724253"
"построение и обслуживание структурированных кабельных систем (СКС)","7405734","294","2468578"
"создание и поддержка интеллектуальных медиасистем","9568853","55","4784426"
"телефония","7856970","91","2618990"
"создание виртуального офиса","8895580","169","4447790"
"организация резервного копирования","6878883","107","2292961"
"администрирование сетей и серверов","2954667","123","984889"
"техническая поддержка рабочих станций и ИТ сервисов","2761345","92","920448"
"веб-разработка","3185176","80","1592588"
"создание мобильных систем","5561018","248","1853672"
"создание и обслуживание систем контроля доступа к портам и устройствам","3854247","283","1927123"
"организацию антивирусной защиты","4814199","125","2407099"
"решения касающиеся сетевой безопасности и отражения угроз","8964862","31","4482431"
"организация систем видеонаблюдения","2993952","87","1496976"
"построение и обслуживание структурированных кабельных систем (СКС)","8651813","274","4325906"
"создание и поддержка интеллектуальных медиасистем","8171760","278","2723920"
"телефония","8673808","364","4336904"
"создание виртуального офиса","7998444","34","2666148"
"организация резервного копирования","4876029","285","1625343"
"администрирование сетей и серверов","7328727","218","2442909"
"техническая поддержка рабочих станций и ИТ сервисов","5737218","164","1912406"
"веб-разработка","8870506","342","2956835"
"создание мобильных систем","719959","25","239986"
"создание и обслуживание систем контроля доступа к портам и устройствам","5208746","89","1736248"
"организацию антивирусной защиты","1530202","32","510067"
"решения касающиеся сетевой безопасности и отражения угроз","5865913","149","2932956"
"организация систем видеонаблюдения","9837690","307","3279230"
"построение и обслуживание структурированных кабельных систем (СКС)","7244352","77","3622176"
"создание и поддержка интеллектуальных медиасистем","6229303","251","2076434"
"телефония","4645666","306","1548555"
"создание виртуального офиса","5386114","198","1795371"
"организация резервного копирования","9925587","149","3308529"
"администрирование сетей и серверов","5568078","356","1856026"
"техническая поддержка рабочих станций и ИТ сервисов","161909","58","80954"
"веб-разработка","6878479","361","2292826"
"создание мобильных систем","5369581","194","1789860"
"создание и обслуживание систем контроля доступа к портам и устройствам","5342704","333","1780901"
"организацию антивирусной защиты","8666657","273","2888885"
"решения касающиеся сетевой безопасности и отражения угроз","3731706","33","1865853"
"организация систем видеонаблюдения","5165203","160","1721734"
"построение и обслуживание структурированных кабельных систем (СКС)","4786695","113","1595565"
"создание и поддержка интеллектуальных медиасистем","299056","79","99685"
"телефония","4732643","103","1577547"
"создание виртуального офиса","4555656","97","2277828"
"организация резервного копирования","7663775","130","2554591"
"администрирование сетей и серверов","9483709","48","3161236"
"техническая поддержка рабочих станций и ИТ сервисов","7301253","144","2433751"
"веб-разработка","2728864","87","909621"
"создание мобильных систем","4703809","350","2351904"
"создание и обслуживание систем контроля доступа к портам и устройствам","2300467","335","766822"
"организацию антивирусной защиты","9738923","201","4869461"
"решения касающиеся сетевой безопасности и отражения угроз","1490306","141","496768"
"организация систем видеонаблюдения","741051","317","247017"
"построение и обслуживание структурированных кабельных систем (СКС)","5615548","274","1871849"
"создание и поддержка интеллектуальных медиасистем","8686840","98","2895613"
"телефония","4241371","64","2120685"
"создание виртуального офиса","6440193","150","3220096"
"организация резервного копирования","9176786","208","3058928"
"администрирование сетей и серверов","8859094","197","2953031"
"техническая поддержка рабочих станций и ИТ сервисов","7931770","197","2643923"
"веб-разработка","1333532","333","666766"
"создание мобильных систем","5291977","257","1763992"
"создание и обслуживание систем контроля доступа к портам и устройствам","2805829","142","935276"
"организацию антивирусной защиты","9052693","353","4526346"
"решения касающиеся сетевой безопасности и отражения угроз","7004024","156","3502012"
"организация систем видеонаблюдения","985618","100","492809"
"построение и обслуживание структурированных кабельных систем (СКС)","4318475","131","2159237"
"создание и поддержка интеллектуальных медиасистем","6972695","178","3486347"
"телефония","458762","316","152920"
"создание виртуального офиса","8540999","144","2846999"
"организация резервного копирования","6079897","42","3039948"
"администрирование сетей и серверов","3211091","130","1605545"
"техническая поддержка рабочих станций и ИТ сервисов","3914671","192","1957335"
"веб-разработка","5737625","325","2868812"
"создание мобильных систем","2402033","119","800677"
"создание и обслуживание систем контроля доступа к портам и устройствам","8742316","325","2914105"
"организацию антивирусной защиты","9455689","164","4727844"
"решения касающиеся сетевой безопасности и отражения угроз","7306661","81","3653330"
"организация систем видеонаблюдения","4577297","132","1525765"
"построение и обслуживание структурированных кабельных систем (СКС)","7309559","175","3654779"
"создание и поддержка интеллектуальных медиасистем","6931544","166","3465772"
"телефония","9158469","62","3052823"
"создание виртуального офиса","4275200","258","2137600"
"организация резервного копирования","2324856","167","774952"
"администрирование сетей и серверов","7814384","276","3907192"
"техническая поддержка рабочих станций и ИТ сервисов","8066658","109","2688886"
"веб-разработка","5412628","160","1804209"
"создание мобильных систем","5959050","67","1986350"
"создание и обслуживание систем контроля доступа к портам и устройствам","8984188","178","4492094"
"организацию антивирусной защиты","597991","84","298995"
"решения касающиеся сетевой безопасности и отражения угроз","5955902","359","1985300"
"организация систем видеонаблюдения","4127131","276","2063565"
"построение и обслуживание структурированных кабельных систем (СКС)","9707792","146","4853896"
"создание и поддержка интеллектуальных медиасистем","7783794","184","3891897"
"телефония","5944467","151","1981489"
"создание виртуального офиса","4940627","228","2470313"
"организация резервного копирования","6750147","93","2250049"
"администрирование сетей и серверов","3694403","193","1231467"
"техническая поддержка рабочих станций и ИТ сервисов","4946615","266","1648871"
"веб-разработка","627349","130","313674"
"создание мобильных систем","3494385","40","1164795"
"создание и обслуживание систем контроля доступа к портам и устройствам","1428311","359","714155"
"организацию антивирусной защиты","6269576","307","2089858"
"решения касающиеся сетевой безопасности и отражения угроз","9147357","349","4573678"
"организация систем видеонаблюдения","7228619","36","2409539"
"построение и обслуживание структурированных кабельных систем (СКС)","405134","52","135044"
"создание и поддержка интеллектуальных медиасистем","7768548","76","2589516"
"телефония","9791754","41","3263918"
"создание виртуального офиса","585561","353","195187"
"организация резервного копирования","4826152","317","2413076"
"администрирование сетей и серверов","1438616","47","479538"
"техническая поддержка рабочих станций и ИТ сервисов","9645109","363","4822554"
"веб-разработка","6760142","280","3380071"
"создание мобильных систем","1369006","138","684503"
"создание и обслуживание систем контроля доступа к портам и устройствам","3303751","318","1651875"
"организацию антивирусной защиты","5217151","164","1739050"
"решения касающиеся сетевой безопасности и отражения угроз","4193958","21","1397986"
"организация систем видеонаблюдения","9331661","36","4665830"
"построение и обслуживание структурированных кабельных систем (СКС)","6380115","125","3190057"
"создание и поддержка интеллектуальных медиасистем","3993866","139","1331288"
"телефония","4455423","40","1485141"
"создание виртуального офиса","2840861","179","946953"
"организация резервного копирования","102731","274","34243"
"администрирование сетей и серверов","5347966","182","1782655"
"техническая поддержка рабочих станций и ИТ сервисов","9108400","40","4554200"
"веб-разработка","5889759","203","2944879"
"создание мобильных систем","610640","160","305320"
"создание и обслуживание систем контроля доступа к портам и устройствам","1862411","240","620803"
"организацию антивирусной защиты","7956234","277","2652078"
"решения касающиеся сетевой безопасности и отражения угроз","9605574","151","3201858"
"организация систем видеонаблюдения","8378981","41","4189490"
"построение и обслуживание структурированных кабельных систем (СКС)","2638414","100","1319207"
"создание и поддержка интеллектуальных медиасистем","3903370","128","1951685"
"телефония","3662253","206","1831126"
"создание виртуального офиса","2515892","345","838630"
"организация резервного копирования","388396","88","194198"
"администрирование сетей и серверов","8869848","269","2956616"
"техническая поддержка рабочих станций и ИТ сервисов","1315974","169","657987"
"веб-разработка","2894039","31","964679"
"создание мобильных систем","9766075","131","3255358"
"создание и обслуживание систем контроля доступа к портам и устройствам","7300256","203","2433418"
"организацию антивирусной защиты","3106706","186","1553353"
"решения касающиеся сетевой безопасности и отражения угроз","7918505","115","2639501"
"организация систем видеонаблюдения","6004832","99","3002416"
"построение и обслуживание структурированных кабельных систем (СКС)","1549899","350","516633"
"создание и поддержка интеллектуальных медиасистем","8639340","285","2879780"
"телефония","4018410","200","1339470"
"создание виртуального офиса","5258835","328","1752945"
"организация резервного копирования","1193752","249","397917"
"администрирование сетей и серверов","5672767","284","2836383"
"техническая поддержка рабочих станций и ИТ сервисов","1078056","203","359352"
"веб-разработка","5765471","43","1921823"
"создание мобильных систем","2916988","112","1458494"
"создание и обслуживание систем контроля доступа к портам и устройствам","1461240","42","730620"
"организацию антивирусной защиты","7658833","362","2552944"
"решения касающиеся сетевой безопасности и отражения угроз","914438","305","304812"
"организация систем видеонаблюдения","4385587","258","1461862"
"построение и обслуживание структурированных кабельных систем (СКС)","4817335","111","2408667"
"создание и поддержка интеллектуальных медиасистем","2146642","84","1073321"
"телефония","7328226","93","3664113"
"создание виртуального офиса","6224865","254","2074955"
"организация резервного копирования","8495519","203","4247759"
"администрирование сетей и серверов","7523722","297","3761861"
"техническая поддержка рабочих станций и ИТ сервисов","6778213","88","3389106"
"веб-разработка","5192778","335","2596389"
"создание мобильных систем","836653","179","418326"
"создание и обслуживание систем контроля доступа к портам и устройствам","2069232","63","1034616"
"организацию антивирусной защиты","3414178","27","1138059"
"решения касающиеся сетевой безопасности и отражения угроз","2836106","166","945368"
"организация систем видеонаблюдения","2307141","255","769047"
"построение и обслуживание структурированных кабельных систем (СКС)","7721629","220","3860814"
"создание и поддержка интеллектуальных медиасистем","2042724","33","680908"
"телефония","1360339","215","680169"
"создание виртуального офиса","4050695","261","1350231"
"организация резервного копирования","2000568","225","666856"
"администрирование сетей и серверов","9389372","350","4694686"
"техническая поддержка рабочих станций и ИТ сервисов","2812641","348","937547"
"веб-разработка","7741569","236","2580523"
"создание мобильных систем","2275517","337","1137758"
"создание и обслуживание систем контроля доступа к портам и устройствам","3055704","299","1527852"
"организацию антивирусной защиты","7850939","296","3925469"
"решения касающиеся сетевой безопасности и отражения угроз","8562558","195","4281279"
"организация систем видеонаблюдения","7434312","155","3717156"
"построение и обслуживание структурированных кабельных систем (СКС)","8509359","149","2836453"
"создание и поддержка интеллектуальных медиасистем","4949320","339","2474660"
"телефония","3766460","331","1255486"
"создание виртуального офиса","2325572","189","775190"
"организация резервного копирования","8776601","158","2925533"
"администрирование сетей и серверов","8299562","125","4149781"
"техническая поддержка рабочих станций и ИТ сервисов","5690715","248","1896905"
"веб-разработка","3156363","166","1578181"
"создание мобильных систем","7978939","157","2659646"
"создание и обслуживание систем контроля доступа к портам и устройствам","1581724","292","527241"
"организацию антивирусной защиты","9128593","289","4564296"
"решения касающиеся сетевой безопасности и отражения угроз","7248184","162","3624092"
"организация систем видеонаблюдения","9335040","50","3111680"
"построение и обслуживание структурированных кабельных систем (СКС)","4735428","154","1578476"
"создание и поддержка интеллектуальных медиасистем","3838715","353","1919357"
"телефония","9049009","47","4524504"
"создание виртуального офиса","2874019","33","958006"
"организация резервного копирования","3732277","281","1866138"
"администрирование сетей и серверов","302830","74","151415"
"техническая поддержка рабочих станций и ИТ сервисов","5613322","192","1871107"
"веб-разработка","2981930","91","993976"
"создание мобильных систем","2887045","213","1443522"
"создание и обслуживание систем контроля доступа к портам и устройствам","5876108","219","1958702"
"организацию антивирусной защиты","5017400","168","1672466"
"решения касающиеся сетевой безопасности и отражения угроз","4557100","332","1519033"
"организация систем видеонаблюдения","4820197","117","2410098"
"построение и обслуживание структурированных кабельных систем (СКС)","4560594","277","2280297"
"создание и поддержка интеллектуальных медиасистем","4913684","256","1637894"
"телефония","6401490","158","3200745"
"создание виртуального офиса","670914","57","223638"
"организация резервного копирования","3027213","213","1009071"
"администрирование сетей и серверов","9329223","212","3109741"
"техническая поддержка рабочих станций и ИТ сервисов","6233563","225","3116781"
"веб-разработка","9745206","222","3248402"
"создание мобильных систем","1426668","229","475556"
"создание и обслуживание систем контроля доступа к портам и устройствам","5453016","27","1817672"
"организацию антивирусной защиты","2277146","153","1138573"
"решения касающиеся сетевой безопасности и отражения угроз","9452172","150","4726086"
"организация систем видеонаблюдения","9289393","216","4644696"
"построение и обслуживание структурированных кабельных систем (СКС)","9365199","51","4682599"
"создание и поддержка интеллектуальных медиасистем","3736955","188","1868477"
"телефония","1365423","345","682711"
"создание виртуального офиса","3213730","74","1606865"
"организация резервного копирования","5702469","59","2851234"
"администрирование сетей и серверов","8899171","62","2966390"
"техническая поддержка рабочих станций и ИТ сервисов","147533","153","49177"
"веб-разработка","1333596","71","666798"
"создание мобильных систем","1212810","64","606405"
"создание и обслуживание систем контроля доступа к портам и устройствам","8473300","29","2824433"
"организацию антивирусной защиты","4615693","85","1538564"
"решения касающиеся сетевой безопасности и отражения угроз","8741543","71","4370771"
"организация систем видеонаблюдения","8374931","96","4187465"
"построение и обслуживание структурированных кабельных систем (СКС)","7544687","353","2514895"
"создание и поддержка интеллектуальных медиасистем","892170","16","297390"
"телефония","5801604","204","1933868"
"создание виртуального офиса","6614974","92","2204991"
"организация резервного копирования","9299124","240","3099708"
"администрирование сетей и серверов","7698571","295","3849285"
"техническая поддержка рабочих станций и ИТ сервисов","4067874","258","2033937"
"веб-разработка","1495331","313","747665"
"создание мобильных систем","9474885","283","4737442"
"создание и обслуживание систем контроля доступа к портам и устройствам","9191809","254","4595904"
"организацию антивирусной защиты","1146256","82","573128"
"решения касающиеся сетевой безопасности и отражения угроз","3099705","291","1033235"
"организация систем видеонаблюдения","2240042","324","1120021"
"построение и обслуживание структурированных кабельных систем (СКС)","8295260","113","2765086"
"создание и поддержка интеллектуальных медиасистем","8705997","141","4352998"
"телефония","2760481","319","920160"
"создание виртуального офиса","7109133","209","2369711"
"организация резервного копирования","4490410","339","1496803"
"администрирование сетей и серверов","5545980","121","2772990"
"техническая поддержка рабочих станций и ИТ сервисов","7153619","172","3576809"
"веб-разработка","4159077","305","1386359"
"создание мобильных систем","9803309","295","3267769"
"создание и обслуживание систем контроля доступа к портам и устройствам","7749044","323","2583014"
"организацию антивирусной защиты","7470692","307","2490230"
"решения касающиеся сетевой безопасности и отражения угроз","501016","163","250508"
"организация систем видеонаблюдения","8963827","192","2987942"
"построение и обслуживание структурированных кабельных систем (СКС)","4005425","95","2002712"
"создание и поддержка интеллектуальных медиасистем","9975640","315","4987820"
"телефония","4668230","71","2334115"
"создание виртуального офиса","7844882","78","2614960"
"организация резервного копирования","8549514","28","2849838"
"администрирование сетей и серверов","8476633","206","2825544"
"техническая поддержка рабочих станций и ИТ сервисов","3016151","224","1005383"
"веб-разработка","9745395","174","3248465"
"создание мобильных систем","228894","291","76298"
"создание и обслуживание систем контроля доступа к портам и устройствам","3532505","152","1766252"
"организацию антивирусной защиты","3044423","155","1522211"
"решения касающиеся сетевой безопасности и отражения угроз","4003159","213","2001579"
"организация систем видеонаблюдения","3008478","263","1002826"
"построение и обслуживание структурированных кабельных систем (СКС)","7854261","38","3927130"
"создание и поддержка интеллектуальных медиасистем","4020013","284","1340004"
"телефония","8783340","103","4391670"
"создание виртуального офиса","7443185","269","3721592"
"организация резервного копирования","5926749","331","2963374"
"администрирование сетей и серверов","1011341","256","337113"
"техническая поддержка рабочих станций и ИТ сервисов","6633379","213","3316689"
"веб-разработка","2994612","211","1497306"
"создание мобильных систем","5894166","248","2947083"
"создание и обслуживание систем контроля доступа к портам и устройствам","6758234","89","3379117"
"организацию антивирусной защиты","5397952","28","1799317"
"решения касающиеся сетевой безопасности и отражения угроз","6515019","32","2171673"
"организация систем видеонаблюдения","305534","97","101844"
"построение и обслуживание структурированных кабельных систем (СКС)","5445900","312","2722950"
"создание и поддержка интеллектуальных медиасистем","5357899","246","1785966"
"телефония","5216937","78","2608468"
"создание виртуального офиса","5703244","332","2851622"
"организация резервного копирования","3126809","95","1042269"
"администрирование сетей и серверов","4350692","205","1450230"
"техническая поддержка рабочих станций и ИТ сервисов","9845912","125","4922956"
"веб-разработка","4695060","171","2347530"
"создание мобильных систем","4177268","352","1392422"
"создание и обслуживание систем контроля доступа к портам и устройствам","9260435","18","3086811"
"организацию антивирусной защиты","5802917","158","1934305"
"решения касающиеся сетевой безопасности и отражения угроз","8481386","135","2827128"
"организация систем видеонаблюдения","1319935","235","659967"
"построение и обслуживание структурированных кабельных систем (СКС)","4896125","179","1632041"
"создание и поддержка интеллектуальных медиасистем","521259","58","260629"
"телефония","4584319","153","2292159"
"создание виртуального офиса","8358509","47","2786169"
"организация резервного копирования","5985875","60","1995291"
"администрирование сетей и серверов","2754266","68","1377133"
"техническая поддержка рабочих станций и ИТ сервисов","6944743","187","3472371"
"веб-разработка","227577","308","113788"
"создание мобильных систем","3479204","272","1159734"
"создание и обслуживание систем контроля доступа к портам и устройствам","4216035","155","1405345"
"организацию антивирусной защиты","452507","314","150835"
"решения касающиеся сетевой безопасности и отражения угроз","4522204","130","2261102"
"организация систем видеонаблюдения","656722","144","218907"
"построение и обслуживание структурированных кабельных систем (СКС)","3937892","303","1312630"
"создание и поддержка интеллектуальных медиасистем","8770009","279","4385004"
"телефония","420239","363","210119"
"создание виртуального офиса","2264066","260","1132033"
"организация резервного копирования","785355","132","392677"
"администрирование сетей и серверов","9239945","247","3079981"
"техническая поддержка рабочих станций и ИТ сервисов","309310","284","103103"
"веб-разработка","9247565","43","4623782"
"создание мобильных систем","2242568","118","1121284"
"создание и обслуживание систем контроля доступа к портам и устройствам","7621883","194","3810941"
"организацию антивирусной защиты","9034597","40","4517298"
"решения касающиеся сетевой безопасности и отражения угроз","2492212","215","1246106"
"организация систем видеонаблюдения","2961843","154","987281"
"построение и обслуживание структурированных кабельных систем (СКС)","6285356","18","2095118"
"создание и поддержка интеллектуальных медиасистем","8310730","348","4155365"
"телефония","5597296","271","1865765"
"создание виртуального офиса","8045111","271","4022555"
"организация резервного копирования","7676136","130","3838068"
"администрирование сетей и серверов","6252342","16","2084114"
"техническая поддержка рабочих станций и ИТ сервисов","330279","331","165139"
"веб-разработка","2109274","299","703091"
"создание мобильных систем","3659337","342","1219779"
"создание и обслуживание систем контроля доступа к портам и устройствам","4601425","183","1533808"
"организацию антивирусной защиты","3387323","341","1129107"
"решения касающиеся сетевой безопасности и отражения угроз","4298506","17","2149253"
"организация систем видеонаблюдения","9168253","335","3056084"
"построение и обслуживание структурированных кабельных систем (СКС)","8638873","358","4319436"
"создание и поддержка интеллектуальных медиасистем","2039196","142","1019598"
"телефония","111717","338","55858"
"создание виртуального офиса","7055525","294","3527762"
"организация резервного копирования","3707103","211","1235701"
"администрирование сетей и серверов","7509694","130","2503231"
"техническая поддержка рабочих станций и ИТ сервисов","8701860","316","2900620"
"веб-разработка","5900538","154","1966846"
"создание мобильных систем","5551870","313","1850623"
"создание и обслуживание систем контроля доступа к портам и устройствам","9656453","245","4828226"
"организацию антивирусной защиты","9248006","276","3082668"
"решения касающиеся сетевой безопасности и отражения угроз","1783819","266","594606"
"организация систем видеонаблюдения","5123481","113","1707827"
"построение и обслуживание структурированных кабельных систем (СКС)","8808380","233","2936126"
"создание и поддержка интеллектуальных медиасистем","6091061","126","3045530"
"телефония","6426433","333","2142144"
"создание виртуального офиса","1474479","219","737239"
"организация резервного копирования","4614022","202","1538007"
"администрирование сетей и серверов","4292407","101","1430802"
"техническая поддержка рабочих станций и ИТ сервисов","7219459","232","3609729"
"веб-разработка","4731805","123","1577268"
"создание мобильных систем","4739436","177","2369718"
"создание и обслуживание систем контроля доступа к портам и устройствам","1825396","137","608465"
"организацию антивирусной защиты","5573173","336","1857724"
"решения касающиеся сетевой безопасности и отражения угроз","9020273","227","3006757"
"организация систем видеонаблюдения","3354420","323","1677210"
"построение и обслуживание структурированных кабельных систем (СКС)","7825534","293","3912767"
"создание и поддержка интеллектуальных медиасистем","7265851","188","3632925"
"телефония","949959","131","474979"
"создание виртуального офиса","2246994","250","748998"
"организация резервного копирования","3758017","267","1879008"
"администрирование сетей и серверов","9467804","137","4733902"
"техническая поддержка рабочих станций и ИТ сервисов","8560898","221","4280449"
"веб-разработка","9766617","298","4883308"
"создание мобильных систем","5251657","257","1750552"
"создание и обслуживание систем контроля доступа к портам и устройствам","5412706","131","1804235"
"организацию антивирусной защиты","5883368","356","1961122"
"решения касающиеся сетевой безопасности и отражения угроз","5325386","223","2662693"
"организация систем видеонаблюдения","9587115","229","4793557"
"построение и обслуживание структурированных кабельных систем (СКС)","5162429","298","1720809"
"создание и поддержка интеллектуальных медиасистем","7765018","172","3882509"
"телефония","5351981","320","2675990"
"создание виртуального офиса","1808529","120","904264"
"организация резервного копирования","5983751","340","2991875"
"администрирование сетей и серверов","2802863","350","934287"
"техническая поддержка рабочих станций и ИТ сервисов","5237405","100","1745801"
"веб-разработка","9378661","333","4689330"
"создание мобильных систем","2834370","352","944790"
"создание и обслуживание систем контроля доступа к портам и устройствам","5164140","92","2582070"
"организацию антивирусной защиты","765918","206","382959"
"решения касающиеся сетевой безопасности и отражения угроз","9956920","313","3318973"
"организация систем видеонаблюдения","6767902","155","3383951"
"построение и обслуживание структурированных кабельных систем (СКС)","6142338","272","3071169"
"создание и поддержка интеллектуальных медиасистем","9164298","353","4582149"
"телефония","7283536","259","2427845"
"создание виртуального офиса","3041783","347","1013927"
"организация резервного копирования","8868996","347","2956332"
"администрирование сетей и серверов","6126664","298","3063332"
"техническая поддержка рабочих станций и ИТ сервисов","1535468","138","511822"
"веб-разработка","8308762","52","4154381"
"создание мобильных систем","5124803","350","2562401"
"создание и обслуживание систем контроля доступа к портам и устройствам","3231454","108","1077151"
"организацию антивирусной защиты","367349","37","122449"
"решения касающиеся сетевой безопасности и отражения угроз","3460296","77","1153432"
"организация систем видеонаблюдения","8451879","263","2817293"
"построение и обслуживание структурированных кабельных систем (СКС)","7441565","143","3720782"
"создание и поддержка интеллектуальных медиасистем","1506788","186","502262"
"телефония","968948","347","322982"
"создание виртуального офиса","2368429","234","1184214"
"организация резервного копирования","8409755","179","2803251"
"администрирование сетей и серверов","3348138","109","1674069"
"техническая поддержка рабочих станций и ИТ сервисов","4519590","363","2259795"
"веб-разработка","2169336","75","723112"
"создание мобильных систем","8650239","319","4325119"
"создание и обслуживание систем контроля доступа к портам и устройствам","646527","68","215509"
"организацию антивирусной защиты","8814914","250","4407457"
"решения касающиеся сетевой безопасности и отражения угроз","8879509","269","4439754"
"организация систем видеонаблюдения","3633396","93","1816698"
"построение и обслуживание структурированных кабельных систем (СКС)","5154314","90","2577157"
"создание и поддержка интеллектуальных медиасистем","4394210","281","2197105"
"телефония","7208879","314","3604439"
"создание виртуального офиса","1005888","239","502944"
"организация резервного копирования","8375850","89","4187925"
"администрирование сетей и серверов","1647136","119","823568"
"техническая поддержка рабочих станций и ИТ сервисов","5633195","282","2816597"
"веб-разработка","7473839","269","3736919"
"создание мобильных систем","821919","15","410959"
"создание и обслуживание систем контроля доступа к портам и устройствам","2261488","285","753829"
"организацию антивирусной защиты","4996097","301","2498048"
"решения касающиеся сетевой безопасности и отражения угроз","5266504","236","1755501"
"организация систем видеонаблюдения","9366328","269","3122109"
"построение и обслуживание структурированных кабельных систем (СКС)","3557162","107","1778581"
"создание и поддержка интеллектуальных медиасистем","8753464","183","4376732"
"телефония","6024769","255","3012384"
"создание виртуального офиса","2612986","223","870995"
"организация резервного копирования","7065189","176","2355063"
"администрирование сетей и серверов","7600829","364","3800414"
"техническая поддержка рабочих станций и ИТ сервисов","3043726","240","1014575"
"веб-разработка","4195337","57","2097668"
"создание мобильных систем","5361951","116","2680975"
"создание и обслуживание систем контроля доступа к портам и устройствам","9842976","151","4921488"
"организацию антивирусной защиты","1467605","137","489201"
"решения касающиеся сетевой безопасности и отражения угроз","355734","288","177867"
"организация систем видеонаблюдения","1707033","70","853516"
"построение и обслуживание структурированных кабельных систем (СКС)","6687179","195","3343589"
"создание и поддержка интеллектуальных медиасистем","8872541","268","2957513"
"телефония","1272005","75","636002"
"создание виртуального офиса","3080895","358","1026965"
"организация резервного копирования","7985663","342","2661887"
"администрирование сетей и серверов","5199909","89","1733303"
"техническая поддержка рабочих станций и ИТ сервисов","1121914","203","373971"
"веб-разработка","3055302","240","1527651"
"создание мобильных систем","736204","313","245401"
"создание и обслуживание систем контроля доступа к портам и устройствам","5611569","220","2805784"
"организацию антивирусной защиты","3122656","248","1561328"
"решения касающиеся сетевой безопасности и отражения угроз","3487085","279","1162361"
"организация систем видеонаблюдения","228717","89","76239"
"построение и обслуживание структурированных кабельных систем (СКС)","9114430","59","3038143"
"создание и поддержка интеллектуальных медиасистем","3982709","113","1991354"
"телефония","124838","337","41612"
"создание виртуального офиса","3979295","181","1989647"
"организация резервного копирования","1331287","299","665643"
"администрирование сетей и серверов","2515350","128","838450"
"техническая поддержка рабочих станций и ИТ сервисов","995534","75","331844"
"веб-разработка","369948","254","123316"
"создание мобильных систем","9359616","90","3119872"
"создание и обслуживание систем контроля доступа к портам и устройствам","9882530","274","3294176"
"организацию антивирусной защиты","601816","311","300908"
"решения касающиеся сетевой безопасности и отражения угроз","2879991","340","1439995"
"организация систем видеонаблюдения","3340784","189","1670392"
"построение и обслуживание структурированных кабельных систем (СКС)","2265997","162","755332"
"создание и поддержка интеллектуальных медиасистем","5313256","307","1771085"
"телефония","6739510","246","3369755"
"создание виртуального офиса","5835516","166","2917758"
"организация резервного копирования","9846052","316","3282017"
"администрирование сетей и серверов","7902490","195","2634163"
"техническая поддержка рабочих станций и ИТ сервисов","8031303","261","2677101"
"веб-разработка","5514861","341","2757430"
"создание мобильных систем","2787767","255","929255"
"создание и обслуживание систем контроля доступа к портам и устройствам","3402659","277","1134219"
"организацию антивирусной защиты","2100641","263","700213"
"решения касающиеся сетевой безопасности и отражения угроз","3890804","57","1945402"
